Subject,Start Date,End Date,Location,Country,Venue,Tutorial Deadline,Talk Deadline,Website URL,Proposal URL,Sponsorship URL
PyCon Belarus,2017-02-04,2017-02-04,"Minsk, Minsk, Belarus",BLR,,,,http://by.pycon.org,,http://by.pycon.org/assets/files/Call_for_Partners_pycon2017.pdf
PyCon Colombia,2017-02-10,2017-02-11,"Bogotá, Capital District, Colombia",COL,,,,https://www.pycon.co,,
PyCon Pune,2017-02-16,2017-02-19,"Pune, Maharashtra, India",IND,,,,https://pune.pycon.org,,
PyCon Philippines,2017-02-25,2017-02-26,"Cagayan de Oro, Misamis Oriental, Philippines",PHL,,,,https://pycon.python.ph,,
PyCon Slovakia,2017-03-10,2017-03-10,"Bratislava, Bratislava, Slovakia",SVK,,2017-02-14,2017-02-14,https://2017.pycon.sk,https://2017.pycon.sk/cfp,
PyCon Italia,2017-04-06,2017-04-09,"Florence, Tuscany, Italy",ITA,Grand Hotel Mediterraneo,,,https://www.pycon.it,https://www.pycon.it/en/call-for-proposals,
PyCon Ukraine,2017-04-08,2017-04-09,"Lviv, Lviv Oblast, Ukraine",UKR,,,,https://ua.pycon.org,https://ua.pycon.org/en/announcements/2017-02-01-become-a-speaker.html,https://ua.pycon.org/en/become_a_sponsor.html
PyCon Lithuania,2017-05-13,2017-05-13,"Kaunas, Kaunas, Lithuania",LTU,,,,http://pycon.lt,,
PyCon US,2017-05-17,2017-05-25,"Portland, Oregon, United States of America",USA,The Oregon Convention Center,2016-11-30,2017-01-03,https://us.pycon.org/2017,https://us.pycon.org/2017/speaking,https://us.pycon.org/2017/sponsors/prospectus
PyCon Czech Republic,2017-06-08,2017-06-10,"Prague, Bohemia, Czech Republic",CZE,,2017-04-17,2017-04-17,https://cz.pycon.org/2017,https://cz.pycon.org/2017/proposals/talks,https://cz.pycon.org/2017/sponsors
PyCon Taiwan,2017-06-09,2017-06-11,"Taipei, Northern Taiwan, Taiwan",TWN,,,,https://tw.pycon.org/2017,https://tw.pycon.org/2017/en-us/speaking/cfp,
Python Day Mexico,2017-06-10,2017-06-10,"Mexico City, Federal District, Mexico",MEX,,,,https://www.toptal.com/events/2017-06-10/python-day-mexico,,
PyCon Israel,2017-06-11,2017-06-14,"Ramat Gan, Tel Aviv, Israel",ISR,,,,http://il.pycon.org/2017,http://il.pycon.org/wwwpyconIL/cfp,
EuroPython,2017-07-09,2017-07-16,"Rimini, Emilia-Romagna, Italy",ITA,,2017-04-16,2017-04-16,https://ep2017.europython.eu,https://ep2017.europython.eu/en/call-for-proposals,https://ep2017.europython.eu/en/sponsor/packages
PyCon Russia,2017-07-16,2017-07-17,"Moscow, Central Federal District, Russia",RUS,,2017-06-12,2017-06-12,http://pycon.ru/2017,,http://pycon.ru/2017/en/partners/join
PyOhio,2017-07-29,2017-07-30,"Columbus, Ohio, United States of America",USA,The Ohio Union,2017-05-25,2017-05-25,https://www.pyohio.org,https://www.pyohio.org/call-for-proposals,https://www.pyohio.org/sponsors/prospectus
PyCon Australia,2017-08-03,2017-08-08,"Melbourne, Victoria, Australia",AUT,Melbourne Convention and Exhibition Centre,2017-05-07,2017-05-07,https://pycon-au.org,https://pycon-au.org/program/cfp,https://2017.pycon-au.org/sponsorship.pdf
PyBay,2017-08-10,2017-08-13,"San Francisco, California, United States of America",USA,,2017-06-10,2017-06-10,http://pybay.com,https://pybay.com/cfp,http://pybay.com/sponsors
PyCon Korea,2017-08-12,2017-08-15,"Seoul, Seoul Capital Area, South Korea",KOR,,2017-05-27,2017-05-27,https://www.pycon.kr/2017,https://www.pycon.kr/2017/en/cfp/cfp,https://www.pycon.kr/2017/en/about/sponsorship
DjangoCon US,2017-08-13,2017-08-18,"Spokane, Washington, United States of America",USA,,2017-04-11,2017-04-11,https://2017.djangocon.us,https://2017.djangocon.us/speaking,https://2017.djangocon.us/sponsors/information
PyCon Poland,2017-08-17,2017-08-20,"Ossa, Rawa County, Poland",POL,,,,https://pl.pycon.org/2017,https://pl.pycon.org/2017/post-cfp_en.html,https://pl.pycon.org/2017/sponsors.pdf
PyCon Asia Pacific,2017-08-26,2017-08-27,"Kuala Lumpur, Selangor, Malaysia",MYS,,2017-07-07,2017-07-07,https://pycon.my,https://pycon.my/2017/02/25/speak-at-pycon-apac-2017,https://pycon.my/2017/02/28/sponsor-pycon-apac-2017
EuroSciPy,2017-08-28,2017-09-01,"Erlangen, Bavaria, Germany",DEU,,2017-06-24,2017-06-24,https://www.euroscipy.org/2017,,
PyCon Sweden,2017-09-06,2017-09-06,"Stockholm, Stockholm County, Sweden",SWE,,,,http://www.pycon.se,http://www.pycon.se,http://www.pycon.se/sponsorship.html
PyCon Japan,2017-09-07,2017-09-09,"Tokyo, Kantō, Japan",JPN,,,2017-07-19,https://pycon.jp/2017,https://pycon.jp/2017/en/talks/cfp,https://pycon.jp/2017/en/sponsors/prospectus
PyCon Nigeria,2017-09-15,2017-09-16,"Lagos, Lagos, Nigeria",NGA,,,,https://pycon.ng,,https://pycon.ng/sponsors/information
PyCon France,2017-09-21,2017-09-24,"Toulouse, Occitanie, France",FRA,,,,https://www.pycon.fr/2017,https://cfp.pycon.fr/cfp,https://www.pycon.fr/2017/pages/nous-soutenir.html
PyCon España,2017-09-22,2017-09-24,"Cáceres, Cáceres, Spain",ESP,,2017-06-08,2017-06-08,https://2017.es.pycon.org,https://2017.es.pycon.org/en/proposals/submit,https://2017.es.pycon.org/static/files/es_brochure.pdf
PyCon South Africa,2017-10-05,2017-10-06,"Cape Town, Western Cape, South Africa",ZAF,,,,https://za.pycon.org,https://za.pycon.org/talks/submit-talk,https://za.pycon.org/sponsors/packages
PyGotham,2017-10-06,2017-10-08,"New York, New York, United States of America",USA,,2017-07-18,2017-07-18,https://2017.pygotham.org,https://www.papercall.io/pygotham-2017,https://2017.pygotham.org/sponsors/prospectus
Python Brasil,2017-10-06,2017-10-11,"Belo Horizonte, Minas Gerais, Brazil",BRA,,,,http://2017.pythonbrasil.org.br,,
Florida PyCon,2017-10-07,2017-10-07,"Orlando, Florida, United States of America",USA,,,,http://flpy.org,,
SciPy Latin America,2017-10-13,2017-10-16,"Havana, Havana, Cuba",CUB,,2017-08-15,2017-08-15,https://conf.scipyla.org,,http://conf.scipyla.org/sponsors/prospectus
PyCon Ireland,2017-10-21,2017-10-22,"Dublin, Leinster, Ireland",IRL,,,,https://pyconie17.python.ie,,
PyCon Germany,2017-10-25,2017-10-27,"Karlsruhe, Karlsruhe, Germany",DEU,,,,http://de.pycon.org,,
PyCon UK,2017-10-26,2017-10-30,"Cardiff, Wales, United Kingdom",GBR,,,,http://2017.pyconuk.org,http://2017.pyconuk.org/cfp,http://2017.pyconuk.org/sponsors
PyCon Hong Kong,2017-11-04,2017-11-05,"Hong Kong, Hong Kong, Hong Kong",HKG,,,2017-08-24,http://pycon.hk/2017,http://pycon.hk/2017/cfp,http://pycon.hk/2017/sponsor
PyCon Canada,2017-11-18,2017-11-19,"Montréal, Québec, Canada",CAN,Université du Québec à Montréal,,,https://2017.pycon.ca,https://www.papercall.io/pyconca2017,https://2017.pycon.ca/static/pdfs/pyconca2017-sponsorship-prospectus.pdf
PyData NYC,2017-11-27,2017-11-30,"New York, New York, United States of America",USA,,,,https://pydata.org/nyc2017,https://pydata.org/nyc2017/cfp,https://pydata.org/nyc2017/sponsors
PyCon Indonesia,2017-12-09,2017-12-09,"Surabaya, Java, Indonesia",IDN,,2017-11-06,2017-11-06,https://pycon.id,,
